id,first_name,last_name,email,phone,address_street_one,address_street_two,address_city,address_state,address_zipcode
1,Beatrix,Niset,bniset0@engadget.com,816-763-7271,2 Bluestem Junction,Room 1168,Kansas City,Missouri,64199
2,Matt,Whitecross,mwhitecross1@webeden.co.uk,256-831-7746,31204 Coleman Point,PO Box 30226,Huntsville,Alabama,35810
3,Lanae,Deppen,ldeppen2@howstuffworks.com,509-367-2169,57 Pawling Crossing,10th Floor,Spokane,Washington,99220
4,Kathi,Flook,kflook3@yandex.ru,701-856-3179,6 Kropf Way,20th Floor,Fargo,North Dakota,58106
5,Huntington,O'Leary,holeary4@mediafire.com,804-179-0652,0416 Luster Park,17th Floor,Richmond,Virginia,23237
6,Helena,Dreinan,hdreinan5@europa.eu,718-426-0485,3 Nelson Avenue,11th Floor,New York City,New York,10004
7,Davina,Dinnage,ddinnage6@unc.edu,315-297-1705,64 Knutson Drive,Apt 1188,Syracuse,New York,13210
8,Faydra,Benadette,fbenadette7@buzzfeed.com,205-716-3044,11 Kennedy Place,Suite 31,Birmingham,Alabama,35279
9,Chrissie,Summerlie,csummerlie8@dailymotion.com,512-353-5113,64930 Sutherland Drive,Suite 73,Austin,Texas,78754
10,Artus,Stoffersen,astoffersen9@csmonitor.com,916-955-7926,0955 La Follette Alley,14th Floor,Sacramento,California,94257
11,Jolene,Heasly,jheaslya@wsj.com,754-905-2690,19 Dottie Park,PO Box 86123,Fort Lauderdale,Florida,33355
12,Lorne,Welbelove,lwelbeloveb@pbs.org,202-148-5298,1 Bultman Alley,Apt 449,Washington,District of Columbia,20088
13,Arly,Okenfold,aokenfoldc@meetup.com,229-727-8143,76 Arizona Street,16th Floor,Albany,Georgia,31704
14,Barrie,Dearl,bdearld@list-manage.com,412-953-2315,483 Buena Vista Road,Suite 42,Pittsburgh,Pennsylvania,15279
15,Elwin,M'Quharge,emquhargee@newyorker.com,615-822-5529,68089 Hanson Drive,6th Floor,Nashville,Tennessee,37240
16,Bar,Boast,bboastf@artisteer.com,816-552-3275,54 Magdeline Junction,Room 362,Kansas City,Missouri,64190
17,Valentin,Hugonin,vhugoning@economist.com,212-713-5664,91 Northport Drive,Apt 893,New York City,New York,10034
18,Rani,Bog,rbogh@barnesandnoble.com,915-992-4943,14 Lakewood Gardens Hill,6th Floor,El Paso,Texas,88546
19,Bettina,Loughan,bloughani@cmu.edu,267-533-1094,6 Meadow Vale Circle,18th Floor,Levittown,Pennsylvania,19058
20,Loralie,Malia,lmaliaj@guardian.co.uk,520-192-5553,30201 Lunder Way,Apt 631,Tucson,Arizona,85748
21,Hilliary,Swindley,hswindleyk@over-blog.com,941-879-2097,59 Butternut Hill,Apt 377,Bonita Springs,Florida,34135
22,Bernarr,Snufflebottom,bsnufflebottoml@tripod.com,225-934-4396,3 Gale Trail,Apt 559,Baton Rouge,Louisiana,70805
23,Lindsey,Ferreiro,lferreirom@theglobeandmail.com,337-877-7304,1152 Prairie Rose Terrace,17th Floor,Lake Charles,Louisiana,70607
24,Flossi,Silverton,fsilvertonn@csmonitor.com,303-743-8219,1372 Walton Road,7th Floor,Denver,Colorado,80217
25,Carly,Amy,camyo@sourceforge.net,210-365-7085,723 Lillian Plaza,Apt 764,San Antonio,Texas,78245
26,Ansel,Kiff,akiffp@ovh.net,814-308-8478,83 Hauk Court,Room 1371,Erie,Pennsylvania,16550
27,Marrissa,Lambersen,mlambersenq@youtube.com,763-464-1596,5 Dorton Road,Apt 1717,Minneapolis,Minnesota,55441
28,Curry,Raccio,craccior@google.fr,515-988-5526,341 Chinook Lane,Room 520,Des Moines,Iowa,50315
29,Joeann,Strognell,jstrognells@walmart.com,305-793-0684,79723 Oriole Avenue,Apt 529,Miami,Florida,33175
30,Johny,Attwooll,jattwoollt@edublogs.org,814-994-8113,8753 Trailsway Center,Room 287,Erie,Pennsylvania,16522
31,Karita,Sweetland,ksweetlandu@soundcloud.com,814-591-0642,185 Toban Road,Apt 1560,Erie,Pennsylvania,16522
32,Jessie,Quesne,jquesnev@dropbox.com,609-657-2071,1 Westend Crossing,14th Floor,Trenton,New Jersey,08619
33,Lindsay,Meric,lmericw@blinklist.com,520-926-1964,4169 Dennis Crossing,PO Box 87556,Phoenix,Arizona,85025
34,Dannie,Larderot,dlarderotx@printfriendly.com,901-483-1479,2374 Eliot Pass,PO Box 99518,Memphis,Tennessee,38181
35,Loralie,Bottoms,lbottomsy@tripadvisor.com,480-396-1562,79648 Utah Junction,Apt 1842,Phoenix,Arizona,85020
36,Deloria,Kimblen,dkimblenz@nasa.gov,202-813-9586,6419 Welch Lane,14th Floor,Washington,District of Columbia,20268
37,Agustin,Colling,acolling10@berkeley.edu,901-454-1099,4 Hooker Lane,Room 863,Memphis,Tennessee,38168
38,Jarid,Rountree,jrountree11@sohu.com,208-558-0039,234 Monica Junction,Room 874,Boise,Idaho,83727
39,Kleon,Satcher,ksatcher12@arizona.edu,864-219-8356,6901 Oak Valley Center,Suite 11,Spartanburg,South Carolina,29305
40,Berti,Oldman,boldman13@twitpic.com,727-428-4986,1 Roxbury Park,13th Floor,Bradenton,Florida,34210
41,Saree,Iaduccelli,siaduccelli14@samsung.com,202-871-1763,5 Londonderry Street,Apt 1770,Washington,District of Columbia,20566
42,Jemie,Burleton,jburleton15@scientificamerican.com,314-406-9311,0 Lukken Point,Room 867,Saint Louis,Missouri,63158
43,Jorry,Graddell,jgraddell16@epa.gov,818-528-1102,989 Mockingbird Center,5th Floor,Brea,California,92822
44,Rowney,Rawcliff,rrawcliff17@wsj.com,205-361-1726,632 Warner Crossing,Suite 21,Birmingham,Alabama,35279
45,Scotty,Mogra,smogra18@unesco.org,818-276-0522,28808 Melvin Way,PO Box 22705,Los Angeles,California,90025
46,Edie,Boyles,eboyles19@narod.ru,805-821-1100,50 Division Street,20th Floor,Santa Barbara,California,93150
47,Adriano,Green,agreen1a@businessinsider.com,915-625-0997,54843 Carpenter Terrace,Suite 11,El Paso,Texas,88553
48,Ibrahim,Peterson,ipeterson1b@fema.gov,502-360-1377,8702 Marcy Parkway,PO Box 97109,Louisville,Kentucky,40287
49,Zebulen,Klossek,zklossek1c@pinterest.com,218-297-3123,0995 Boyd Road,Suite 1,Duluth,Minnesota,55805
50,Trip,Gibberd,tgibberd1d@ibm.com,202-493-0780,03 Blue Bill Park Pass,Room 674,Washington,District of Columbia,20566
